{
    "dataBinding": {
        "/webapp/view/LoginPerson.view.xml": {
            "entitySet": "/user_passwordSet"
        }, 
        "/webapp/view/MemberPerson.view.xml": {
            "entitySet": ""
        }, 
        "/webapp/view/MenuManager3.view.xml": {
            "entitySet": ""
        }, 
        "/webapp/view/Overview01.view.xml": {
            "entitySet": ""
        }, 
        "/webapp/view/Overview02.view.xml": {
            "entitySet": ""
        }, 
        "/webapp/view/Dialog1.view.xml": {
            "entitySet": ""
        }, 
        "/webapp/view/ActionSheet3.view.xml": {
            "entitySet": ""
        }, 
        "/webapp/view/QuickView1.view.xml": {
            "entitySet": ""
        }, 
        "/webapp/view/Popover1.view.xml": {
            "entitySet": ""
        }, 
        "/webapp/view/ActionSheet2.view.xml": {
            "entitySet": ""
        }, 
        "/webapp/view/ActionSheet1.view.xml": {
            "entitySet": ""
        } 
    }
}