{"static":{},"combined":{"user_passwordSet":[{"ID":"1111","user_code":"1000000001","mail":"hgd@nudgep.com","password":"********"}],"user_mainSet":[{"ID":"111","user_code":"1000000001","user_number":"20190001","user_number_text":"홍길동","company_code":"1000","mail":"hgd@nudgep.com","contact1":"111-2222","contact2":"010-1111-2222","___FK_5d9d0ed8ddc5a4901269ac5b_00007":"111"},{"ID":"222","user_code":"1000000002","user_number":"20190002","user_number_text":"김영희","company_code":"1000","mail":"kyh@nudgep.com","contact1":"222-3333","contact2":"010-2222-3333","___FK_5d9d0ed8ddc5a4901269ac5b_00007":null}],"user_roleSet":[{"ID":"111","user_code":"1000000001","role_code":"100","tile_code":"1010","role_code_text":"타임 관리","tile_code_text":"타임 등록","count":0},{"ID":"22","user_code":"1000000001","role_code":"100","tile_code":"1020","role_code_text":"타임 관리","tile_code_text":"타임 승인","count":10},{"ID":"33","user_code":"1000000001","role_code":"100","tile_code":"1030","role_code_text":"타임 관리","tile_code_text":"타임 리포트","count":0},{"ID":"44","user_code":"1000000001","role_code":"110","tile_code":"1110","role_code_text":"경비","tile_code_text":"법인카드 정산","count":3},{"ID":"55","user_code":"1000000001","role_code":"110","tile_code":"1120","role_code_text":"경비","tile_code_text":"영수증 정산","count":1},{"ID":"66","user_code":"1000000001","role_code":"110","tile_code":"1130","role_code_text":"경비","tile_code_text":"승인 진행","count":2},{"ID":"77","user_code":"1000000001","role_code":"110","tile_code":"1140","role_code_text":"경비","tile_code_text":"법인카드 리포트","count":0},{"ID":"88","user_code":"1000000001","role_code":"110","tile_code":"1150","role_code_text":"경비","tile_code_text":"영수증 리포트","count":0},{"ID":"99","user_code":"1000000001","role_code":"120","tile_code":"1210","role_code_text":"경비 승인함","tile_code_text":"승인 대기","count":2},{"ID":"11","user_code":"1000000001","role_code":"120","tile_code":"1220","role_code_text":"경비 승인함","tile_code_text":"승인 리포트","count":0},{"ID":"112","user_code":"1000000001","role_code":"900","tile_code":"9010","role_code_text":"관리자","tile_code_text":"관리자 메뉴","count":0}]}}