<edmx:Edmx Version="1.0" xmlns:edmx="http://schemas.microsoft.com/ado/2007/06/edmx" xmlns:m="http://schemas.microsoft.com/ado/2007/08/dataservices/metadata" xmlns:sap="http://www.sap.com/Protocols/SAPData">
    <edmx:DataServices m:DataServiceVersion="2.0">
        <Schema Namespace="b5502c60cd530e131570799c" xml:lang="en" sap:schema-version="0000" xmlns="http://schemas.microsoft.com/ado/2008/09/edm">
            <EntityContainer Name="b5502c60cd530e131570799c_Entities" m:IsDefaultEntityContainer="true">
                <EntitySet Name="user_passwordSet" EntityType="b5502c60cd530e131570799c.user_password" sap:creatable="true" sap:updatable="true" sap:deletable="true"/>
                <EntitySet Name="user_mainSet" EntityType="b5502c60cd530e131570799c.user_main" sap:creatable="true" sap:updatable="true" sap:deletable="true"/>
                <AssociationSet Name="user_mainuser_roleuser_role" Association="b5502c60cd530e131570799c.user_mainuser_roleuser_role" sap:creatable="true" sap:updatable="true" sap:deletable="true">
                    <End EntitySet="user_mainSet" Role="FromRole_user_mainuser_roleuser_role"/>
                    <End EntitySet="user_roleSet" Role="ToRole_user_mainuser_roleuser_role"/>
                </AssociationSet>
                <EntitySet Name="user_roleSet" EntityType="b5502c60cd530e131570799c.user_role" sap:creatable="true" sap:updatable="true" sap:deletable="true"/>
            </EntityContainer>
            <EntityType Name="user_password">
                <Key>
                    <PropertyRef Name="ID"/>
                </Key>
                <Property Name="ID" Type="Edm.String" sap:creatable="true" sap:updatable="true" sap:deletable="true" sap:label="ID"/>
                <Property Name="user_code" Type="Edm.String" sap:creatable="true" sap:updatable="true" sap:deletable="true" sap:label="DefaultName"/>
                <Property Name="mail" Type="Edm.String" sap:creatable="true" sap:updatable="true" sap:deletable="true" sap:label="DefaultName1"/>
                <Property Name="password" Type="Edm.String" sap:creatable="true" sap:updatable="true" sap:deletable="true" sap:label="password"/>
            </EntityType>
            <EntityType Name="user_main">
                <Key>
                    <PropertyRef Name="ID"/>
                </Key>
                <Property Name="ID" Type="Edm.String" sap:creatable="true" sap:updatable="true" sap:deletable="true" sap:label="ID"/>
                <Property Name="user_code" Type="Edm.String" sap:creatable="true" sap:updatable="true" sap:deletable="true" sap:label="DefaultName"/>
                <Property Name="user_number" Type="Edm.String" sap:creatable="true" sap:updatable="true" sap:deletable="true" sap:label="DefaultName1"/>
                <Property Name="user_number_text" Type="Edm.String" sap:creatable="true" sap:updatable="true" sap:deletable="true" sap:label="DefaultName2"/>
                <Property Name="company_code" Type="Edm.String" sap:creatable="true" sap:updatable="true" sap:deletable="true" sap:label="DefaultName3"/>
                <Property Name="mail" Type="Edm.String" sap:creatable="true" sap:updatable="true" sap:deletable="true" sap:label="DefaultName4"/>
                <Property Name="contact1" Type="Edm.String" sap:creatable="true" sap:updatable="true" sap:deletable="true" sap:label="DefaultName5"/>
                <Property Name="contact2" Type="Edm.String" sap:creatable="true" sap:updatable="true" sap:deletable="true" sap:label="DefaultName"/>
                <Property Name="___FK_5d9d0ed8ddc5a4901269ac5b_00007" Type="Edm.String" sap:creatable="true" sap:updatable="true" sap:deletable="true" sap:label="___FK_5d9d0ed8ddc5a4901269ac5b_00007"/>
                <NavigationProperty Name="user_role" Relationship="b5502c60cd530e131570799c.user_mainuser_roleuser_role" FromRole="FromRole_user_mainuser_roleuser_role" ToRole="ToRole_user_mainuser_roleuser_role"/>
            </EntityType>
            <Association Name="user_mainuser_roleuser_role">
                <End Type="b5502c60cd530e131570799c.user_main" Multiplicity="1" Role="FromRole_user_mainuser_roleuser_role"/>
                <End Type="b5502c60cd530e131570799c.user_role" Multiplicity="1" Role="ToRole_user_mainuser_roleuser_role"/>
                <ReferentialConstraint>
                    <Principal Role="ToRole_user_mainuser_roleuser_role">
                        <PropertyRef Name="ID"/>
                    </Principal>
                    <Dependent Role="FromRole_user_mainuser_roleuser_role">
                        <PropertyRef Name="___FK_5d9d0ed8ddc5a4901269ac5b_00007"/>
                    </Dependent>
                </ReferentialConstraint>
            </Association>
            <EntityType Name="user_role">
                <Key>
                    <PropertyRef Name="ID"/>
                </Key>
                <Property Name="ID" Type="Edm.String" sap:creatable="true" sap:updatable="true" sap:deletable="true" sap:label="ID"/>
                <Property Name="user_code" Type="Edm.String" sap:creatable="true" sap:updatable="true" sap:deletable="true" sap:label="DefaultName"/>
                <Property Name="role_code" Type="Edm.String" sap:creatable="true" sap:updatable="true" sap:deletable="true" sap:label="DefaultName1"/>
                <Property Name="tile_code" Type="Edm.String" sap:creatable="true" sap:updatable="true" sap:deletable="true" sap:label="DefaultName2"/>
                <Property Name="role_code_text" Type="Edm.String" sap:creatable="true" sap:updatable="true" sap:deletable="true" sap:label="DefaultName3"/>
                <Property Name="tile_code_text" Type="Edm.String" sap:creatable="true" sap:updatable="true" sap:deletable="true" sap:label="DefaultName4"/>
                <Property Name="count" Type="Edm.Decimal" sap:creatable="true" sap:updatable="true" sap:deletable="true" sap:label="count"/>
            </EntityType>
        </Schema>
    </edmx:DataServices>
</edmx:Edmx>
